year,month,week,actual
3270.588603076772,3251.7074337932067,3257.5960726304093,3265.35
3084.175874301276,3060.8330920619874,3076.5943590892566,2972.37
2962.153615771615,2989.280341619103,2998.1338542955973,3013.77
